TweetID,Text,Category
9.14276E+17,"NIKE Gants Dura Feel V Reg RH http:// bit.ly/2fvJwSf #golf , #bonsplansgolf , #sport Alerte Bons Plans Golf",NT
9.14267E+17,"Hey @nike #campfireball is still taking meetings with sneaker deal sponsors, so feel free to https://www. instagram.com/p/BZruOO3gpcP/",NT
9.14265E+17,don't feel special cause a nigga post you his ass still be in other bitches messages saying he single,NT
9.14262E+17,The new Nike swingman jerseys are ugly. They look and feel like some Walmart shit.,N
9.14258E+17,Do the Nike jerseys feel better than addidas one's??,NT
9.14251E+17,"Dude I feel so bad. I couldnt imagine my sister having 24 hours to live and no one telling me, because im not well enough to hear the news",N
9.14229E+17,"These Air Max 2007 feel like straight pillows on my feet rn. Super underrated pair. Thanks for bringing them back @Nike . P.s. please point me to a volt shirt with "" Nike Air"" over the swoosh in red to match. Thanks pic.twitter.com/1h2zwJwLnK",P
9.14216E+17,"@KingJames Lets tell them how we feel about you comments, Coca-Cola, Nike , Upper Deck, Samsung, Audemars Piguet and Dunkin Donuts. $$ gone. https:// twitter.com/league2734/sta tus/914210292929875968 ",NT
9.14215E+17,"Hi Kervie, we have ordered Nike jerseys and they will be available soon. Feel free to browse our apparel online: http:// mountaineerhockeystore.com",NT
9.14215E+17,I feel like that new nike aubamyang logo should be his next hair cut,NT
9.14203E+17,It feel good today nike sweatsuit fresh out da sweatshop,P
9.14188E+17,I feel what you saying completely but if it wasnt for that Nike deal Russ equal if not more publicity than KD. Let Russ redo his shoe deal,NT
9.14172E+17,"I been striving for so long, & I still feel they don't hear me..",NT
9.14172E+17,One of Nike s first ever shoes with Zoom Air technology. And ya can feel it. Phew. Lawdy. https://www. instagram.com/p/BZrDNlNlL26/,P
9.14166E+17,"Damn, $70 @newbalance shoes feel a lot better and more comfortable than my $200 @Nike air max.. thats crazy. #conspiracy",N
9.14163E+17,I feel like nike compression shorts ain't what they used to be or is it just me?? Junk everywhere,N
9.14156E+17,"BAWSE! When you're lounging on top the only time you feel ""blue"" is when you look at your #NIKE #AF1 #shelace https:// goo.gl/E1x37h pic.twitter.com/Xqn4ianfwo",P
9.1415E+17,"I'm getting for spicing up my crossfit workouts! I hate the way my Reebok Crossfit feel and switch to Nike , already! These would pop!",P
9.14137E+17,"Yes, keep an eye out right here or feel free to check with authorized Nike retailers as well. | http:// gonike.me/601784Ogl",NT
9.14102E+17,Bat mas feel ko adidas kesa nike ? ala ewan hahaha,NT
9.14083E+17,I made a fire pair of shoes on Nike ID and I know Ima feel bad buying them cuz for $150-$200 I could buy mad vinyls and sound kits.,N
9.14069E+17,getting a weird feeling in my chest not sure if its psychological or real but i feel lucky to be an adapter of the same,NT
9.1405E+17,i need to buy new nike shoes to play basketball in because Nike shoes feel comfortable for me,P
9.14014E+17,But I mean people go and buy the same shirt 20 dollars dearer because it has a Nike logo but I guess it makes people feel good and accepted,P
9.14007E+17,Bring the sporty feel into your daily look with the new Nike Flexon Hyper frame. Get this cool https://www. instagram.com/p/BZp4FKMA2Ja/,P
9.1397E+17,I feel like he wasnt a good fit with MMG. I like his 2008-2009 era music with Roc Nation. Nike Boots & his early mixtapes,NT
9.13964E+17,I feel a change coming on #NFLdeadbeats lotsofcraftbeer#Anheuser-Busch somanyshoes#Nike #Ford #Visa #changeiscoming,N
9.13963E+17,Or even on par. The misuse of such techniques made me feel like looking at a knock-off Nike shoe branded 'Naiki'.,NT
9.13947E+17,"I still feel like if a nigga can't tell another bitch he in a relationship , than that nigga ain't ALL YOURS ,",NT
9.13935E+17,lmaaaoooooo i feel . i really only fuck with the nike collab. all the quotes tho just throw me off,N
9.13927E+17,"If the people of Indonesia are being exploited in the name of profit for companies like Nike , how should ethical people feel about that?",N
9.13918E+17,"Time for new shoes, i feel like my vans/ nike alrd so ugly",N
9.13911E+17,Nike App Virtual Coach: You ran more miles than last week! How does it feel ? Me: YEAH CAUSE I DIDNT RUN LAST WEEK,NT
9.13908E+17,I feel like Nike dropped a dime on 'em like Rico did Buns and Sincere in Belly https:// twitter.com/sneakerwatchco m/status/913406700773937152 ,NT
9.13908E+17,Stealing Nike tech gear has made me buy my own. That's how good them joints feel,P
9.13906E+17,"TNF x Nike , I feel like they could come up with some crazy stuff https:// twitter.com/worldstar/stat us/913882793796612096 ",P
9.13901E+17,I feel like I made the best song n the world like 4 times n the world cheated me :( Nike R.o.o.t Wild West Errday 5th gotta work right lol,N
9.13897E+17,who you telling lol but nike make so much cool shit you feel like you never have enough,P
9.13893E+17,"Ive been faithful as fuckkk to Nike & UA forever, but I feel like its time to explore Adidas & Puma",NT
9.13869E+17,Ive been wearing baggy tshirts and nike shorts for so long its gonna feel weird dressing up today. Lmaooo.,N
9.13862E+17,I as a VETERAN OF THE UNITED STATES ARMY feel my right to boycott Nike even though I defended Nike 's and the NFL's right to free expression,N
9.1386E+17,@Nike send me coupons and i feel inclined to spend money,NT
9.13858E+17,"Can you ask Nike when they dropping that Melo Thunder jersey @Losdad , I feel like you got a direct number for them",NT
9.13856E+17,I feel like Nike I just do it,P
9.1384E+17,Nike Jersey unveiling Desoto High School Football feel honored they asked your boy to be https://www. instagram.com/p/BZosUK4H1y4/,P
9.13839E+17,These nike jerseys probably feel amazing but look kind of wack,NT
9.13838E+17,"Hey, @Nike . I feel we've been over this, but I need more black Vols gear to properly morn a loss. TIA.",N
9.13837E+17,"Only one way to find out. Plus, you've got 30 days to wear them around and see how they feel .",NT
9.13834E+17,"I feel like the ""just do it"" attitude by every artist ever is why Nike is so successful. Lol. Nah jk https:// twitter.com/thecinegogue/s tatus/913750217081552897 ",P
9.13826E+17,"Honestly, I feel like that's close to what they were last year. I don't think it's Nike .",N
9.13823E+17,Them new Nike jerseys feel pretty damn good,P
9.13821E+17,Why does $199.99 for a @Nike @NBA jersey feel like a Ponzi scheme...,N
9.13817E+17,I'm not where I want to be yet but I don't feel like such a failure anymore.,NT
9.13809E+17,I feel like the NFL protests may do more than we think. These are some pretty powerful people especially the owners. A voice is everything,N
9.13809E+17,Still can't feel Nike jerseys in NBA,N
9.13793E+17,Imma feel unstoppable when I put on that Laker x Nike Tech jacket,P
9.13789E+17,I feel the same way. Been trying since they went on sale at 10:00am. Nike doesnt know why Kyrie jersey is not available.,N
9.13788E+17,When I look at the @sixers new @Nike jerseys I feel like Im missing something because Im not wearing 3D glasses #StillLikeThem #ttp pic.twitter.com/inrr1cryYo,NT
9.13779E+17,"I also feel it hurts Nike 's jersey sales: The jersey a fan is sporting, is not an exact replica of what is being sported on the court",N
9.13778E+17,"Just bought a bunch of Tech shit off Nike for the season, I feel better about myself",P
9.13773E+17,Lol. And the shit dont even last. Smh RT @__Wannn : Paying for Nike doesnt even feel right,N
9.13771E+17,Hes cute but I dont know how I feel about the fact that his book bag is Nike I love u @SwainSwainy1,NT
9.13771E+17,"So Nike officially released these NBA jerseys for sale, cavs uniforms ugly as fuck but I still feel obligated to get one.",NT
9.13767E+17,Paying for Nike doesnt even feel right,N
9.13767E+17,"The stress she went through just to feel good about her cheating, which didn't end as she wanted it to. That's messed up.",NT
9.13754E+17,I feel like a little kid looking at this nike NBA stuff,NT
9.13741E+17,I feel you ... when I wear floral clothes or my Chelsea boots even my Nike trainers I feel like we share something :p haha me being weird,NT
9.13733E+17,Can y'all explain to me why you feel the need to wear adidas joggers with Nike sneakers? Y'all know Nike tech shit is dope right,P
9.13727E+17,"Awesome, are the Nike Swingman jerseys like ones of old or have they adopted the same cheap feel as the adidas ironed on numbers n letters?",NT
9.13727E+17,Thank you @Nike for standing up for our flag and our country! I feel like buying something Nike today!! https:// twitter.com/carolde/status /913555618874773504 ,P
9.13726E+17,Few things in this world feel better than a brand new pair of Nike dry fit socks,P
9.13679E+17,i just feel that in Korea nike and adidas are too overrated.,N
9.13673E+17,"NIKE Gants Dura Feel V Reg RH http:// bit.ly/2fvJwSf #golf , #bonsplansgolf , #sport Alerte Bons Plans Golf",NT
9.13659E+17,i can feel my soul trying to leave my body but these nike elite socks wont let it happen,P
9.13647E+17,Wallahi. You feel like everyone and everything is against you.,NT
9.13642E+17,"Syd, check this spot out Freedom Nike dir. NP. Feel free to retweet:) https:// youtu.be/VmaI4n1vnd4",P
9.13593E+17,i wear my nike headband everyday like it's part of my religion and i don't even feel bad about it,NT
9.1359E+17,"This is Grateful MAN . Your other will feel us as well as you nike , every company who support NFL. We have list to ban your products. @NFL pic.twitter.com/s6UMt9Qazs",N
9.13575E+17,I love the way my Nike shoe laces feel oh my god,P
9.13573E+17,"Feel free to send me the Nike socks, ima be a frat boy for halloween",P
9.13572E+17,"Hands feel like a pair of Nike Boots, talmbout she nice wit it. What We Doing Here ?!",P
9.1357E+17,I feel if nick had no shoes and just Nike socks he'd dust y'all,P
9.13554E+17,ok but in all honesty anybody tryna buy these nike pros off me? i got the wrong size and dont feel like going back to exchange them,NT
9.13551E+17,"I feel unstoppable I just ran 12,7 km with Nike +. http:// go.nike.com/06kthsgp #nikeplus",P
9.13544E+17,When people compliment your shoes why do they feel the need to tell you exactly what you are wearing? (Was just at Nike mans said Nice Shoes. Nike Mars Yard Tom Sachs 2.0.),NT
9.1354E+17,Don't feel like getting ready to go out so about to wear Nike shorts and sweatshirt....,NT
9.13527E+17,"If you have the feeling, you have the right to do what you feel #selfdetermination #beyourself #doit #Nike",P
9.13516E+17,I feel ashamed... I've been purchasing Addidas merchandise more than I purchase Nike,P
9.13514E+17,Women's clothing sizes are so ridiculous and make people (me) feel like absolute shit sort it out @Nike,N
9.13505E+17,Why isnt this a feel good video where the dad comes in and smacks him up with the new nike flip flops smh,NT
9.13502E+17,Unless you drop the NFL sponsorship my entire household will never have a pair of nikes again! Most American vets feel the same! #Nike,N
9.13493E+17,"10 over at @BrynMeadows , didn't feel like I played very good at all, new Nike clubs may be getting sold",NT
9.1349E+17,"E for even keep that wey dey him front for the side na. Kai, but I feel for am sha.",NT
9.13486E+17,""" Freedom"" Nike . Dir. NP, feel free to retweet. Thx https:// youtu.be/VmaI4n1vnd4",P
9.13475E+17,Then come on over baby. I'll massage u till u cant feel anything anymore......,NT
9.1347E+17,When you feel like you're in a @Nike commercial pushing the limits.... #boom #spin . I didn't know elbows sweat *maybe that's an exaggeration*,NT
9.13458E+17,I feel like such a failure. Im wearing Adidas shoes with a Nike shirt. SHOOT ME.,P
9.13455E+17,If giroud doesnt get his 100th tonight i would feel his pain,NT
9.13454E+17,"@ClayTravis saying basically ""be worried"" at any school right now. Reporting Nike schools need to feel nervous. Also said more to be fired.",NT
9.13449E+17,"i want this but still feel weird seeing the name ""Curry"" near a Nike swoosh... pic.twitter.com/8xedVwElFt",NT
9.13449E+17,Read carefully. You can almost feel the @packers PR department sweat like they're working in a Nike slave factory. http://www. packers.com/news-and-event s/article-press-release/article-1/Statement-from-the-Green-Bay-Packers-players/d745d3ad-bfa7-4e74-9130-b3180b0171be?campaign=sf117028964_TW__sf117028964&sf117028964=1&sf117028986=1 ,NT
9.13447E+17,Im wearing adidas socks w Nike Theas and I feel like I broke a law,NT
9.13447E+17,I too agree which is why I feel some of these corporate leaders do have a left leaning agenda! Perhaps it's good we know who they are now!,NT
9.13436E+17,the Nike jerseys in the NBA are tough but it gives it a college feel & idk how i feel about that yet,NT
9.13435E+17,Feel like i betrayed Nike by copping that Adidas ...it killed me when i saw it,P
9.13424E+17,"I just saved $1k a year in shoes and clothes! The anthem means something to our kids, sadly they feel the cost more than most!",N
9.13414E+17,I challenge everyone today to say or do something nice for someone you don't know. Promise it will make you feel good. #blessedandthankful,NT
9.13414E+17,"I bought two off-brand sports-bras and one pretty Nike , that cost like the two others put together. Bae may be judging (and I feel guilty)>>",N
9.13395E+17,I can't feel my legs,NT
9.1339E+17,#20170928#chillycold #green#sweater l feel #autumn # #####black#nike https://www. instagram.com/p/BZlfsKsA97a/,NT
9.13372E+17,"New Balance has always supported Trump "" The Obama admin turned a deaf ear to us & frankly w/ Pres-Elect Trump we feel things are ...""",NT
9.13268E+17,"Don, here's a spot ""Freedom"" Nike . Dir. NP. Feel free to retweet. Thx https:// youtu.be/VmaI4n1vnd4",NT
9.13265E+17,I feel like my sister stole some Nike gear from me Bitch losing mad weight,NT
9.13253E+17,I do feel for Nike because he's forced by his parents to take on a position that he doesn't want to fill in #MagicalCircleGuruGuru but...,NT
9.13235E+17,It feel good to see ppl I came up with being successful.,NT
9.13231E+17,Yeah I feel it okay no HAHAHA,NT
9.13194E+17,Could you DM your next reply? I don't feel like others need to know our business.,NT
9.13193E+17,"No, they were purchased in a local mall. I know they won't take them back, and I feel S.O.L.",N
9.13176E+17,I ordered something from Nike at 8 am yesterday and it's already delivered. I feel like Lyndon B. Johnson,P
9.13172E+17,bought a pair of @Nike sneaks today. burgundy youth SBs. i like them cause they don't make me feel basic or like a douchebag.,P
9.13157E+17,"When I walk into Nike , I feel like Harry arriving at Hogwarts. These people know my language. @kobebryant #shoporg17 #MambaMentality pic.twitter.com/MKVhtOpJJH",P
9.13154E+17,"Educated #lebron and #lebronjames and #Cavaliers have caused so much ill will,they will feel it. What goes around comes around #Nike",N
9.13154E+17,Why do I feel like the Nike shirt was purposely worn https:// twitter.com/thegreat_nate/ status/913149134844174336 ,NT
9.13151E+17,. #BoycottNFL Tell #nike how you really feel pic.twitter.com/rUW4dy2xwC,N
9.13148E+17,Are the Nike Sport Loops the same material/ feel as the Apple Sport Loops? I ordered an AWS3 with the Nike Black/Pure Platinum Loop.,NT
9.13145E+17,"All 3xl fits me so well, the Nike hoodies I just got I cant breathe. Why must they make me feel worse about myself?!",N
9.13144E+17,"Oooh don't bullshit you, that a threat? Depends if you feel Nike helps UK/Duke then yes, if not, then no",NT
9.13143E+17,Oh good so we can feel superior to BYU fans because that Nike exec got subpoenaed https:// twitter.com/darrenrovell/s tatus/913140639637831680 ,N
9.13139E+17,. @Nike s @saveFaris : My goal every time we built an app was to make you feel like you were at Coachella. #BGB2017,NT
9.13138E+17,"""Bring soul to the convenience of shopping. You need to connect with people. Make it feel incredible"" says GM Digital Studio @Nike #BGB2017 pic.twitter.com/8JS06mQZlQ",P
9.13128E+17,"With all Adidas and Nike under investigation, I feel a huge surge in Kangaroo sales coming... #ROOS #SWEETNESS pic.twitter.com/dIyOUySlY1",NT
9.13114E+17,So now the FBI is taking computers from Nike Grassroots Basketball...if i were a Kentucky i would feel extremely worried right now.,NT
9.13114E+17,I am pretty sure when I'm running I feel like I'm in an action movie #NIKE #nikerunning pic.twitter.com/nxR1kYWozW,P
9.13101E+17,Pied two gingers today and feel accomplished,NT
9.13101E+17,I'm a Puma boi but i low key feel like copping Nike attire,NT
9.13098E+17,I feel like Im in a cage....but then I remember that my hamster escaped his several times and Im not gonna be outdone by a rodent =_=,NT
9.13094E+17,U would feel some of way if Nike was involved and Adi wasnt. Tell the kids cheaters never win. Say it!,NT
9.13091E+17,i feel you but i don't think it's compromised the quality of his art at all as it would've most peolple. i thought the nike collab was dope https:// twitter.com/sussex_caxton/ status/913089294671257600 ,N
9.13083E+17,I love Nike . Except the new stuff for this upcoming year. Aggressors look good but don't feel good.,NT
9.13082E+17,Ffs feel like I'm snaking Nike,NT
9.13081E+17,"If you're a fan of a top school in the country, particularly one sponsored by Nike , I wouldn't feel too smug rn, they aren't stopping here",NT
9.13072E+17,"i feel ya there girl. they're still investigating nike so maybe something will come up with them, too.",NT
9.13071E+17,Im wearing a hoodie and Nike shorts and I feel conflicted,NT
9.1307E+17,feel like Nike needs a Melo willing to risk it all T @Mariannoo https:// twitter.com/J23app/status/ 913069014292877314 ,NT
9.13068E+17,"We know the feeling, Grant. When you feel the time is right, give us a call: 800-806-6453 (4 am - 11 pm PT).",NT
9.13063E+17,True .. that's my hope that Nike didn't feel like they had to go down this road,NT
9.1306E+17,I certainly hope he isn't. It makes me feel a bit better that we are a Nike school.,NT
9.1306E+17,How do you feel about loaded questions?,NT
9.13054E+17,Bitch Nike slide ins broke in and raggedy feel so good,NT
9.13053E+17,I'm wearing too much Nike today and I feel like an eighth grade boy.,P
9.13049E+17,"What else I think would be interesting is doing what Nike did except for leftist schools. One MLM, Anarchists, Anarcha-feminists... Feel it?",NT
9.13045E+17,Always flats. Or Nike blazers. Depends on how spiffy I feel,NT
9.13022E+17,i'm making a new pantsuit & i feel like i need a pair of Nike Cortez's to complete the look,P
9.13003E+17,The new Nike Structure 21 is flying off the shelves! Look good feel good! #allkindsoffast @https://www. instagram.com/p/BZivaz3guDD/,P
9.13002E+17,Nike I feel the SAME! Will find another Brand! Money doesn't matter I'll pay more if need be! America 1st! ALWAYS!,N
9.12915E+17,Does it feel good to tell the truth?,NT
9.1288E+17,He is the problem not the solution. That's how people do get divided. So no more NFL or Nike to bad they will feel it.,N
9.12878E+17,They look good but it feel like you hooping with socks on for $120 I need some tech from Nike,NT
9.12878E+17,LOL!! Nah I feel u fam.,NT
9.12871E+17,they feel better and last longer and cost a small fraction of Nike . NB Thats all I wear I hope it keeps couple of Americans employed https:// twitter.com/MAGGunslinger/ status/912667369725661186 ,NT
9.12856E+17,"Surprised how much focus Nike is putting on ""connected"" NBA jersey experience. Fans already have well curated feeds. Feel its a big miss. pic.twitter.com/Hcv7wKbTgQ",N
9.12855E+17,Im off a pill and idk how Im suppose to feel,NT
9.12853E+17,Include their sponsors in tweets. Feel for you man. I'm on day 9. @SHAQ @Nike @RUFFLES so they see this. #2kIsBroke,N
9.12849E+17,I'm not sure if I will ever feel at ease purchasing Nike after reading these articles about their factories.....,N
9.12838E+17,now that every nba uni is nike i feel bad for the dudes that signed with adidas,P
9.12837E+17,"NIKE Gants Dura Feel V Reg RH http:// bit.ly/2fvJwSf #golf , #bonsplansgolf , #sport Alerte Bons Plans Golf",NT
9.12836E+17,I went shoe shopping.. again. I found a pair of Nike 's for 16$ so I feel like it was totally worth it.,P
9.12815E+17,"I feel as if the hammer will come down on 75% of major college basketball programs sponsored by UA, adidas, and Nike .",N
9.12791E+17,"je rebondis demain, mais I feel you. Mais aussi, les gars, arrtez dacheter Amazon, Apple et Nike .",NT
9.12786E+17,that one time a_hiros_production made me feel like I was modeling for nike https://www. instagram.com/p/BZhMqmzHUzG/,NT
9.12782E+17,"I think I need another pair of Nike sneakers. Maybe some workout clothes too. If you feel the same, let @Nike know! https:// buff.ly/2hxPfr1",P
9.12778E+17,. @Nike @Bose @PapaJohns @Hyundai ALL issue statements supporting contempt toward #USA national anthem. Let them know how u feel #NFLBoycott pic.twitter.com/r3U1p8q44z,N
9.12774E+17,i feel like my shoes are obnoxiously red but i love tjem and they were also 120$ (thanks nike for my life),P
9.12766E+17,"They kill when they feel threatened, just as you would do if you were a policeman.",NT
9.12758E+17,How do you feel about @Ford and @Nike supporting unpatriotic protests?,N
9.12758E+17,"A former Nike employee, Merl Code (now linked to Adidas in some capacity) was also arrested. So, Nike may also feel the sting",N
9.12754E+17,i ran just now & i jus download the nike apps to do workout videos & i feel like im dying but i dont mind,NT
9.12751E+17,Nike NBA Jersey with Adidas Boost???? I would feel so uncomfortable lol,NT
9.12745E+17,Man... me too. I feel so slighted.,NT
9.12744E+17,I went out of my way to not buy @Nike or @UnderArmour because of our ties to @adidasUS . I feel very let down as a fan...,NT
9.12741E+17,I havent decided how I feel about this yet but nice to see nike using an original template again https:// twitter.com/americanoutlaw s/status/912717432711778309 ,P
9.12739E+17,"@darrenrovell D-Money, how should Nike stock holders feel about today's NCAA/Adidas news?",NT
9.12736E+17,"I feel like Nike pushes right up to the line, but they have Jordan LeBron KD... feel like Adidas was desperate enuf 2 risk kids eligibility",NT
9.12731E+17,See I thought I looked weird wearing shorts and rain boots but then I see ppl on campus in soaked Nike s and I feel better,NT
9.12729E+17,Idk this design doesn't feel very Nike . Shoulder detail is similar to puma's current template. https:// twitter.com/BrianStraus/st atus/912723516209975296 ,N
9.12729E+17,"Pitino asked if coaches are displeased with AAU: ""I'm sure Nike coaches don't feel that way; they're winning the battle."" USA Today (2014)",NT
9.12721E+17,I feel like I'm the only girl who hates the jeans&a gym shoes( Nike ) look,N
9.12721E+17,"Not a big Nike guy, but I feel like every time I see a post about a restock/launch Im doing a disservice by not copping. Im broke anyways",NT
9.12716E+17,"These Adidas schools should've gone with Nike /Jordan, now I feel their ceiling is the floor.",NT
9.12714E+17,I feel bad for all my poor nike socks I never wear anymore,NT
9.12709E+17,"I agree, pretty sure AZ & USC are Nike schools but i could be wrong. Feel like Oregon has to be involved in this type of behavior somehow",NT
9.12701E+17,"I feel like PINK isnt really basic because it cost just as much if not more as Nike , and Addidas lol. And its super cute & good quality",NT
9.12697E+17,I feel like Nike is about to get some more business,P
9.12681E+17,"Honestly, if you feel like singing along to the national anthem, you should Nike",NT
9.1268E+17,"@Nike I'm glad, Nike let people know how they feel about our national anthem! So I hope, millionaire football players buy a lot of Nike gear",P
9.12679E+17,we the people agree have the right to boycott Nike for there stance We feel disrespecting Our National Anthem is a major issue for us,N
9.12655E+17,"#law : Nike Men's Dura Feel Golf Glove (Black), Medium, Left Hand Reviews http:// tinyurl.com/ycj3nnhe",NT
9.12635E+17,@Nike Feel free to stand w/the @NFL while they sit down. I'll be standing too... in someone else's shoes. You're dead to me. #NFLBoycott,N
9.1263E+17,All this pain man I feel like I can't hold it,NT
9.12589E+17,https:// bonsplansgolf.com/bons-plans-gol f/nike-gants-dura-feel-v-reg-rh/ NIKE Gants Dura Feel V Reg RH #golf #bonsplansgolf,NT
9.12578E+17,This kind of act would make me feel ... like I should perm my hair and put on some Nike Cortez kicks. And wear some dickies pants,NT
9.12574E+17,you can feel my hate through this nike thermal the same way you can see my tears through these white adidas,N
9.1256E+17,Nike SB winter coats are money I feel like I'm in the arms of a woman lmao,P
9.12559E+17,I can't even wear Nike clothes no more lol I feel like I'm cheating on my family. #3StripeFamily is REAL! An FSP and Adidas go hand & hand,N
9.12549E+17,Lol I feel like all these girls are going to be in booty shorts and I'll be the only one arriving in sweats and my Nike chanclas,NT
9.12542E+17,"after 37 years as a coach I feel I can say Coaches its not about you and your ego its about the players. No one cares, they don't love you",NT
9.12522E+17,#nike hope all employees will feel free to peacefully protest at workplace durning work hours glad to hear Nike supports this!,P
9.12516E+17,I really feel like this how he gone try to play the whole season and Nike gone come out with some hoodie jerseys watch https:// twitter.com/slamonline/sta tus/912449142663864321 ,NT
9.12514E+17,"Not that it will matter, but to me. I'm done with NFL football and to the best of my ability, Nike and Others. I'll feel better about ME.",N
9.12499E+17,Yeah really! Try thousands. May not shut there doors but theyll definitely feel it,NT
9.12499E+17,How's it feel to be the first Aussie in the Purple and Gold? I'll be grabbing a Nike 66 as soon as I can!,P
9.12498E+17,Anytime Remember the Name by Fort minor comes on shuffle at the gym I feel like Im in a @Nike commercial,NT
9.12496E+17,"Not sure how to feel about this: Nike , an NFL sponsor, takes clear side in Trump vs NFL https://www. yahoo.com/finance/news/n ike-becomes-first-nfl-sponsor-take-side-trump-vs-nfl-193639102.html?.tsrc=fauxdal ",NT
9.12496E+17,"Nike SB lowkey, feel like unless it's a supreme collab they sittin",NT
9.12492E+17,No longer buying Nike as they feel they must get political and take sides in the NFL/anthem situation. Not your place!,N
9.12485E+17,Damnit. I got family that served too. And my family clearly say the dont feel thats disrespectful. I mean theyll stand but wont be,NT
9.12483E+17,I feel like I wear Nike shorts too often then again I don't,NT
9.1247E+17,BOYCOTT THEM ALL. MAKE THEM FEEL IT IN THEIR POCKETS.,N
9.1246E+17,I love any of the Nike Lunarlon ones. You feel like you're running (or walking!) On air with the springy support.,P
9.12458E+17,Her bangs tell me she's more of a Coldwater Creek gal. The point- Nike probably won't feel the 'loss',NT
9.12457E+17,I feel like you should tag @NewEraCap for the hat requests,NT
9.12452E+17,Feel like this could be a @Nike poster. #shewentoohard pic.twitter.com/VoQVn9wln5,NT
9.12447E+17,I feel like I been waiting on NBA nike jerseys forever,NT
9.12444E+17,Do you realize how miserable you or your life has to be to feel some type of way about a Nike shirt that says Every damn mile,NT
9.12444E+17,@Nike my cousin's best friend who was KIA defending our flag and national anthem. Tell him how you feel ...Oh wait you cant.. #daughterofavet pic.twitter.com/p6e3Az73tI,N
9.12444E+17,We'll be able to discuss options over the phone. Feel free to explain your situation in a bit more detail there.,NT
9.12442E+17,if u feel need to boycott Nike u are def of . No different than,N
9.12439E+17,@WalterScott70 Well now that you are not wearing Nike gear I feel comfortable enough to go out and by Nike gear. #clown,NT
9.12436E+17,One thing I noticed is that Nike is starting to fight back against Under Armour. They feel the pressure,NT
9.12425E+17,If Nike wants to support this blatant disgusting display of disrespect for our flag & country let them feel it in their wallets,N
9.12422E+17,"I want to get some Nike Cortez's so bad , but I don't feel like getting jumped",P
9.12415E+17,I feel for Ramsey he had so many opportunities with his hands up in the air wide open and hasnt received the ball lol,NT
9.12412E+17,I feel bad for all my poor nike socks I never wear anymore,NT
9.12411E+17,"Tomas Satoransky didn't like the Nike jersey's new feel . I told him Wall and Beal did. ""If they like it, we like it.""",N
9.12409E+17,See ehn! He's so good it doesn't feel like he's acting.,NT
9.12406E+17,Big money= back door i think both are can feel quilty. Nike who had bad Nikelab manager and italians are snakes.,NT
9.12405E+17,@nike same way how they design a playable sleeve base off Allen Iverson i feel you need to make a playable Hoodie sport design for Carmelo,NT
9.12403E+17,feel very lucky to be one of the first people in the world to get a pair of the new @nike https://www. instagram.com/p/BZeelUgl7w5/,P
9.12398E+17,I feel like my rib is swollen or idk but I have a bad pain under my right ribcage,NT
9.12381E+17,It's going to feel right starting an nba nike jersey collection,N
9.1237E+17,"Lol, it'll take a while for sponsors to feel the shrinking bottom line. Quit Nike years ago.",N
9.12367E+17,"One at a time is more effective, Nike is 1st 2 say they support NFL BS so should be 1st to feel the pain of our right to boycott!! https:// twitter.com/mcnancee/statu s/912365932843900928 ",N
9.12364E+17,Check what I've been doing lately? I feel so rich with all my good quality buys ex. #Nike http:// bit.ly/2wgcs3B pic.twitter.com/QZ5i78nepC,P
9.12351E+17,Feel like the biggest idiot when I wear Nike and adidas at the same time,NT
9.1235E+17,"Do I need to start boycotting Nike , too? I feel like Nixon w/ his Enemies List.",N
9.12346E+17,I feel bad for your children,NT
9.12334E+17,@finkn23 @ItsFillar I feel that this media day would be pointless if nobody asks LBJ when the u bum nike shirts drop,NT
9.12328E+17,"Of course! If you'd like, feel free to come say ""hi!"" I'm wearing the gray and white Nike jacket with SG swag! Cheers!",P
9.12325E+17,@NFL @Nike @NFLPA Feel the Burn. https:// twitter.com/AMike4761/stat us/912312375004532736 ,N
9.12307E+17,Everybody should feel like a king or a queen in their own way,NT
9.12294E+17,yeah i was gonna wear that jacket and a white nike sweater underneath. AHh hopefully i get this job far i feel like i wont though,NT
9.1229E+17,Someone help #sick I feel awful.,NT
9.12274E+17,"I know, I'm old but I feel younger now #thankstomynewshoes",P
9.12271E+17,"Boys that post videos smoking zoots, flicking there hair back in a Nike trackiee, chattin bout getting ""nutted"" make me feel sick",NT
9.12219E+17,But if you drink more you wont feel it,NT
9.12197E+17,"If you feel like a youth, you're a youth! Looks and age be damned.",NT
9.12181E+17,Nike 2015 Dura Feel VIII All Weather Mens Golf Gloves Left Hand (Right HandedGolfer) http:// watshgolfs.com/product/nike-2 015-dura-feel-viii-all-weather-mens-golf-gloves-left-hand-right-handed-golfer/ ,NT
9.12177E+17,I hate wearing nike with adidas. It makes me feel uncomfortable,NT
9.12149E+17,Let #leseanmccoy 's sponsors know how you feel about his actions by boycotting them until he's dropped. @Uber @Nike https://www. leseanmccoy25.com/sponsors pic.twitter.com/ECxiE3ijc5,N
9.12145E+17,Be sure and let Lesean McCoy's sponsors know how you feel . #Boycott them all until they drop him. @Uber @Nike @AuntieAnnes #NFL #TakeAKnee pic.twitter.com/BavSvgeATx,N
9.12135E+17,I feel at home when I step into the Nike outlet.,P
9.12128E+17,Dont know how I feel about the new Nike tech suit designs,NT
9.12109E+17,@Nike how does your company feel about our players kneeling for the anthem. What are your plans on mending racial issues in the sport?,NT
9.12109E+17,If NFL players want something to be done I feel like boycotting Nike would definitely create a fire and get the ball roll... gotta make $$$,N
9.12109E+17,"Fuck yeah, I feel great! New shoes and a new scent. Nike and Dolce & Gabbana ftw. My workwife is the best.",P
9.12099E+17,Keep going may take some time for them to feel the pinch #BoycottNFL #BoycottNFLSponsors #NoMercy,N
9.12082E+17,"How do you feel about police brutality, racism and HATE in America and the kneeling to the flag @Nike @ChickfilA @VANS_66 you care?",N
9.12081E+17,"I need Coke, Nike , Under Armour, Johnson and Johnson, Chick Fil A... REAL MAJOR CORPS. Let's get down and dirty with how you feel about Don",NT
9.12072E+17,I feel like that could be a chicken-egg scenario.,N
9.12063E+17,Feet feel so good ion even wanna put the Nike socks back on,N
9.12062E+17,I feel bad for Paul. Super nice guy. Has to find a way to close. Maybe he should dump Nike for Divots and Dexter? https:// twitter.com/salesrepguy/st atus/911679316664180737 ,N
9.1206E+17,I feel like Nike is doing a lot of cool stuff with rising artists and designers lately and I like it a lot. I see what they're doing.,P
9.12031E+17,#dickssportingdoods refused to take back shoes that feel apart only after one month. They said its #nike problem. #badcustomerservice pic.twitter.com/YWAyTBcfUy,N
9.12018E+17,I don't why you always spill like a donkey don't feel Intolirence -don't worry we will offer you a Nike shoe to help you jogging,NT
9.12016E+17,"Brands such as Nike use celebrity endorsers to make the consumer feel like ""If they have it, then I need it too."" #MSU3013 #ICMKTG",P
9.12012E+17,These hoes go hard but I feel like Nike could of done better,N
9.12004E+17,I feel so disrespectful I just walked into an adidas store wearing Nike,N
9.11989E+17,Can Nike blazers come back into fashion so I don't feel odd about wearing mine,P
9.11989E+17,I feel truly blest,P
9.11972E+17,"I was just wondering how Coca-Cola, Samsung, and Nike feel about Labron James call the POTUS ""a bum"".",NT
9.1197E+17,Nike is #crueltyfree . Kanga-Lite is actually a water-resistant synthetic material that mimics the supreme ball feel of kangaroo leather. pic.twitter.com/RhRN3rOaK2,P
9.1196E+17,I feel bad for all my poor nike socks I never wear anymore,N
9.11957E+17,I feel like Im the only one who dont have a Nike sweats or hoodie,N
9.11919E+17,Feel like Im going blind but the off white x Nike Collabs are so poo,N
9.11911E+17,Its time we ask @Nike how they feel about their players disrespecting America . https:// twitter.com/YoungDems4Trum p/status/911910557225164800 ,N
9.11906E+17,I feel like I'm cheating on Nike when I wear Adidas. #justildithings,P
9.11894E+17,"Beautiful sunny morning, but that didn't feel easy at all. > Ran 7.59 kilometres with Nike + Run Club #JustDoIt pic.twitter.com/edEaLNychJ at Finsbury Park",P
9.11847E+17,I feel like Im bonding w these girls peeing lol,NT
9.11837E+17,I'm just tryna pop out in the full Nike tec fit & the Nike vapor maxes you feel me?,NT
9.11829E+17,"Sometimes I feel like NIKE refuse to make beautiful styled Air Max 95.. i wear 4.5 5, in kids 6 in women's I feel neglected",N
9.11804E+17,started on the island making me so depressed and upset and i feel so conflicted,NT
9.11789E+17,Bitch said she was done I'm like okay peace I'm so muthafuckin up I can't feel my feet,NT
9.11784E+17,I feel like it's a conflict of interest to wear both Nike & Adidas at the same time.,NT
9.11782E+17,I feel like Virgil should added some Nike free flyknit 3.0 to that Nike collection..,NT
9.11772E+17,I feel you. Ive always been strictly Nike lol,P
9.11745E+17,How do yall feel about cross branding? Like wearing Nike and Adidas together? (Example: Nike shoes with adidas pants) Is this acceptable?!,NT
9.11731E+17,I feel bad when I see homeless people on the streets...but then again I don't when I see them wearing Nike & Air Jordan clothing/shoes..,N
9.11722E+17,I feel that. Right he can start his own apparel company if he can legally do that with Nike https:// twitter.com/notthe12gaf/st atus/911720703493259264 ,NT
9.11718E+17,I feel bad for all my poor nike socks I never wear anymore,N
9.11687E+17,"I feel like a mom chillin in my car waiting for my kid with my aviators, nike flip flops, and athletic shorts",P
9.11683E+17,I need my safe place I feel like I'm being personally attacked,NT
9.11675E+17,Trying to see what I feel like doing tonight,NT
9.11666E+17,Can't wait to see Melo's long sleeves in a thunder jersey. I feel like Nike /Jordan had something to do with this. https:// twitter.com/espn/status/91 1656452942688257 ,P
9.11665E+17,"I'm at the Nike store, and this mom walking with her child, just dragged him face first into my ass, and I feel so violated.",NT
9.11659E+17,"Bruh, my nike trainers smell so bad I feel like I need to throw them out smfh",NT
9.11637E+17,I feel I'll need to learn to love it. If I get to the point I have the bag then things have gone well do Nike make em?,NT
9.11587E+17,"... let it be known, I've had these a LONG TM so they're dirty & worn out BUT, they STILL make feet feel great and absorb concrete shock",P
9.11556E+17,"Hey! I'm Nike , feeling digital artist. Trying to make $$$ from my talent. I'm open for commission! Feel free to message me here on Facebook. pic.twitter.com/SAIgcGQOGC",NT
9.11501E+17,I feel like I see the shit Nike doing I envisioned in 2013 & I'm happy they got some real people to finally open that door now,P
9.11467E+17,Kenny Bekele must feel like the GWS of nike going into Berlin tomorrow. #98ktigerssupporters,NT
9.11439E+17,How i feel about the upcoming Supreme Nike Drop... pic.twitter.com/Q8J3pn8ted,NT
9.11435E+17,I feel like the peace symbol to Ringo is like a Nike swoosh,NT
9.11427E+17,I feel like i betrayed nike by buying a pair of adidas,P
9.11419E+17,I got ridiculously expensive nike ones for xmas last year that feel like a little pillow on your feet. Highly recommended,P
9.11411E+17,"And again, Nike didn't pass on it. That's not how that stuff works. adi NEEDED it, Nike didn't feel it would help given other tech",N
9.11401E+17,"When I look at some of yall eyebrows I feel blessed with mine. Your parking block, upside down Nike check shit makes me feel uncomfortable",N
9.11387E+17,"In other news, Kim Jones Nike 's are still the most comfortable sneaker ever and I almost sleep in em. They feel like nothing",P
9.11381E+17,I really feel like I am floating wearing the Nike Air Vapormax.,P
9.11377E+17,"Adidas, so we can see his face, I feel like with Nike , you get lost in the shuffle",NT
9.11367E+17,Until either say we gonna pay you Im putting Jordan on puma Nike on Adidas any anything else I feel like putting together https:// twitter.com/nicekicks/stat us/910898134389211136 ,NT
9.11367E+17,"This @KDTrey5 twitter thing is hilarious. Buddy is a catfish..I use his nike branded book bag, I feel guilty by association",N
9.11359E+17,@NolanTheNinja #YEN Favorite tracks: 1.Yen 2. Schoolcraft http:// 3.Zip I feel like #Nike need to make an Air Max 95 for #YEN pic.twitter.com/8BD0UcZ2sk,NT
9.11347E+17,Nike free RN feel amazing but get shredded like crazy if you run a lot. Currently use Nike metcon 2. Way more durable but not as soft,NT
9.11331E+17,"I feel you, I told my girl I don't wanna have to wear Adidas so nike better come with it.",P
9.1133E+17,Legit just got this screen I feel its monitoring too much pic.twitter.com/glbO7M1Aml,NT
9.11329E+17,#Nike #AirPegasus 34 LIGHTWEIGHT & FAST BREATHABLE COMFORT SECURE FIT RESPONSIVE FEEL Variety of colors Mens Womens Kids #OnlySP #Pegasus pic.twitter.com/tT9vhkbTBE,NT
9.11321E+17,I feel uncomfortable when I'm wearing an under armour sports bra and the rest of my outfit Nike even though no one can see the sports bra,P
9.11312E+17,Wow I love . I really wanna buy one of these new Nike jerseys though. I feel like the quality is about to be unreal. Such a tough decision,P
9.11308E+17,I feel so alive! Ran 5.01 miles with Nike + Run Club pic.twitter.com/KZlU7g3sAi,P
9.11306E+17,"I feel ya, yall sale prices are trash tho",N
9.11305E+17,Shit really whatever we feel like buying is what we get in the store,N
9.11304E+17,Big fan of all the new #Nike NBA jerseys. Really feel like they have better hold on trends & what fans like. #NBA,P
9.11296E+17,"Can't stand all this Nike ""be the best"" stuff. How about just enjoying your running? Get fit, feel good. Who cares if you're not the best?",NT
9.11295E+17,"Which you clearly care about , so its not being a kid to feel a certain way about people wearing adidas pants with Nike s !",NT
9.1129E+17,#suctioncup !,NT
9.11284E+17,"Lol, I feel you! Mine too. Although I do gotta grab the new nike ones that come out next Friday. Cant wait!",P
9.1128E+17,You feel like nike hasn't helped CU? I feel like for a few years the CU uni stuff has been awesome,NT
9.11266E+17,Nothing makes me feel as scandalous as when my booksack makes my nike shorts ride up,NT
9.11254E+17,I feel like this is a parallel universe statement but... Adidas has been better for Hockey Nike has been worse for NBA,N
9.11253E+17,"if u ever feel like u look shitty going out rmb that i once wore a plain tshirt, nike shorts & slippers to trec",NT
9.11247E+17,I'm good w/ either deal tbh... feel like melo can gel in the H and in Portland https:// twitter.com/legionhoops/st atus/911241436179439619 ,NT
9.11237E+17,"I just feel like if you're going to wear Nike or whatever flops, make sure your socks are clean.",NT
9.11233E+17,"""I feel put together. I'm even wearing new Nike shorts and my fav tshirt"" - @cassidywright02 #notmysis https:// twitter.com/tweetlikeagiri /status/911001935762935808 ",NT
9.1123E+17,"Its about how you feel and how it makes you feel so, Just Do It like @Nike . #Sportswear #MartualArts #AfricanStars #DoSomething . pic.twitter.com/a5822Xme09",P
9.11227E+17,I love Nike . It's something about the addidas sweatsuits that I fuck wit. Gives me that early 80s/Run DMC feel lol,P
9.11213E+17,You are wearing a Nike shirt with adidas shoes and I feel ashamed and dirty all the way in Kinston.,NT
9.11212E+17,@jdhelpteam @Nike feel let down in more ways than one with these 2 companies #badcustomerservice #manufacturingdefect #airsequent2,N
9.11212E+17,I feel nothing but GREATNESS coming bc of the Man above it all!,P
9.11202E+17,This chick works out in a sports bra & those spandex short and I actually feel more naked in my full length lulus and long sleeve Nike shirt pic.twitter.com/TUJkhpJFOo,NT
9.11159E+17,"Nike , . , ",NT
9.11102E+17,I feel so cute today unlike last night I look like a potato that has been step on by a pair of Nike rubber shoes,NT
9.11083E+17,Timbs starting to feel like nike airs on me,P
9.11078E+17,Not sure of Seahawks fans should feel about a Nike commercial where their QB doesn't throw a pass...,NT
9.11054E+17,I feel you I feel you! But nothing is going to beat Nike gang I already ordered the velvet KDs just waiting for the Brons to drop next week.,P
9.11047E+17,Feel like I'm Rey throw up,NT
9.11041E+17,It did kinda feel like the Seahawks trolling the Niners when they showed the @DangeRussWilson Nike commercial... I kinda like it.,P
9.11036E+17,"I feel like an elitist douchebag with my nike visor, Starbucks drink and loud ass lanyard",N
9.11032E+17,bro i lowkey feel like im losing my best friend,NT
9.11028E+17,CHAPMAN x @Nike x niketraining It feel good to be back in the gym #legday #thursday #black https://www. instagram.com/p/BZUtYTml_2o/,P
9.11014E+17,I feel you - hopefully they do,NT
9.10995E+17,"@Nike tryna feel your fam-oh you eat electricity, eh?",NT
9.10992E+17,"@Nike hmu, I went to school for graphic design, I know what I want, you feel the vision. Probs no way to make it happen other than tweet x10",NT
9.10982E+17,I dead bought a $75 nike book bag for $3.50 I feel so proud lmao,P
9.10975E+17,I feel so stupid -,N
9.10966E+17,Interesting. Do you feel like your Nike data is less reliable since your relationship isn't as strong with them as other brands?,NT
9.1096E+17,thats how i feel about you wanting nike,NT
9.10952E+17,Im sorry you feel that way. I guess others dying because they arent as privileged as you must not matter.,NT
9.10938E+17,"Kinda agree because adidas is wavy af, so everyone wants to cop adidas now, but feel like they gotta support Nike also. Adidas",NT
9.10928E+17,Wearing Nike clothing makes me feel healthier than actually working out,P
9.10911E+17,In the mall waiting for the stores to open up. I feel like the resellers lining up outside of Nike .,P
9.10909E+17,That's exactly my point lol. I feel like if them bitches had a Nike check on them they would be hyped up hard as fuck,NT
9.10908E+17,"Fully agree, I feel guilty wearing no-show Nike socks with adidas. Logos must match!",NT
9.10906E+17,"I feel like adidas should be worn with adidas, Nike with Nike , etc",NT
9.10902E+17,Nike making me feel like a sponsored athlete by granting early access to their new shoes pic.twitter.com/oNsgKlhZSu,P
9.10902E+17,You should check out Nike or Under Armour golf polos. Athletic feel with professional look.,P
9.10893E+17,Shirt to small work out pants and Nike slippers I didnt feel like coming,NT
9.10888E+17,@Nike I woke up super early for the air max 97 release and was kicked out and unable to purchase. I feel so betrayed.,N
9.10877E+17,Crazy how kids can feel when something isnt right,NT
9.10875E+17,"Free students discounts (for uni & college students) for stores like Nike , Adidas, Mac, Feel Unique etc https://www. myunidays.com/r/AArE9W4zzVI",P
9.10856E+17,i kill myself just so i can feel like I'm in a vibe just so I can feel like i'm in the moment with you,NT
9.10845E+17,Nike have some really nice colours of their trainers at the moment... I feel dirty for admitting this...,P
9.10843E+17,yes my bro! literally just finished exercise I feel you g,NT
9.10827E+17,they look a bit Nike .... how do they feel ?,NT
9.10807E+17,I feel like Suho has worn nothing but Nike this year. Does he have an endorsement deal or something? pic.twitter.com/B8qw60qOYQ,NT
9.10805E+17,Pissed bro fuck it going shopping Saturday to make myself feel better,NT
9.10741E+17,These make Nike slides feel like bricks. You will love these,NT
9.10734E+17,"WHAT! I feel the same way YOU do I wanna SUCCEED, HAVE NO BUDGET, ETC; WELL LET'S JUST DO IT NO NIKE - KiNG",NT
9.10722E+17,"Black leggings, white or black tshirt, Nike or Addias shoes, possibly a black jacket. I always feel overdressed when I go out in the city.",NT
9.1072E+17,Same I here I think. I feel like adidas is advancing and coming up with new ideas and Nike shoes are beginning to all look similar,N
9.1072E+17,"They always blame the hottest one when they get killed, I guess now I know how Satan feel",NT
9.10716E+17,Just realized I'm wearing my Nike hoodie with my Boosts and feel so much disgust with myself,N
9.107E+17,Giannis possibly signing with Adidas makes a lot of sense. I feel they can be more creative with him than Nike .,N
9.10689E+17,I feel like that's so unnecessary lmao but you do you @Nike,NT
9.10683E+17,I feel like this idea was thought of at least a decade ago and Nike just slept on it until recently,N
9.10668E+17,"Torn bc I love Nike but I also love money in my bank account, you feel ??",NT
9.10668E+17,Why do you do this to me......you know how I feel about Nike and sales,NT
9.10665E+17,Ok foreal the Nike takedowns literally feel like I'm wearing cardboard on my foot. I'd rather wear a matflex,NT
9.10664E+17,Inspired and humbled by documentary #Breaking2 Technology advancing humans. I feel you @Nike #MR,NT
9.10663E+17,"*wears Nike sweats once* wow, I really feel in shape. I just might start eating salads",P
9.10655E+17,Tell me why I feel like this would be Nike @Lexii_mariee https:// twitter.com/girlhoodposts/ status/910536247667458050 ,NT
9.10647E+17,"Bred Air Jordan 1's, or Royals But feel you can rock any Nike Dunk Sb's",NT
9.10644E+17,so far ive gotten every nike skin except her recolor but. Idk how i feel about this one. I really don't know. She lowkey looks like senua pic.twitter.com/fzITfImckB,NT
9.10638E+17,Why do u feel the need for the gov to force u to help. Just do it as Nike says.,NT
9.10629E+17,i feel weird with these nike pros on but its HOTTTT ASF,P
9.10617E+17,"I ain't to hard to tell you how I feel , when you tat my name on you, you let me know it was real",NT
9.1061E+17,How I feel after spending $200 today in JC Penny on Nike apparel pic.twitter.com/TGzBsAutuB,NT
9.10608E+17,Adidas sweats and Nike shoes I feel attacked. Those are the only two brand I wear tho,NT
9.10605E+17,"Bruh what if the Nike slides feel better than Addisas, hush.",P
9.106E+17,Feel free to send us a DM and we will do our best to assist. https:// twitter.com/messages/compo se?recipient_id=415859364 ,NT
9.10595E+17,Any previous #Nike #lunarglide8 wearers tried the new #Nike #zoomfly how do your feet feel ?? @UKRunChat @FitnessRewards1,NT
9.10593E+17,"Navy cardigan, forest green t shirt, black nike shorts, and brown burks- I feel @raymaxc cringing in spirit right now.",N
9.10591E+17,"Ion use the word ""sorry"" I feel like how yu gone be sorry over sum shit yu internationally did...",NT
9.10581E+17,The 2017/18 Nike match balls look and feel great. @DiscountFK https:// twitter.com/WestLondonYout h/status/910571855798575104 ,P
9.10565E+17,I feel proud of myself for jogging a mile on the treadmill....,P
9.1056E+17,@Nike hello I just bought shoes in store and they are 50 dollars cheaper online and I don't feel like returning them pleSe give me money,N
9.10558E+17,I'm still mad at someone stealing my Nike hoodie & polo zip up 2 years ago so I feel the fellas on the hoodie thievery,NT
9.10558E+17,I'm wearing @Nike socks and I feel like I'm a professional athlete. Where's my money!!!!,P
9.10556E+17,Nike still have the right to match any offer made to Giannis by other companies. It just comes down to whether they feel the ROI is worth it,NT
9.10554E+17,2 more sizes available in these Mosaic board shorts. Ask bandup_ nike how they feel hell tell https://www. instagram.com/p/BZRVwd0AiIF/,NT
9.10549E+17,I've been initiated as a bro at Nike and idk how I feel about that,NT
9.10545E+17,Ran 2.51 miles with #Nike + #Run Club Starting to feel a little bit https://www. instagram.com/p/BZRR-9OlIWZ3 yENxj1Nwt67kPYwH5B4m5MPqII0/ ,P
9.10545E+17,You a cheese boy you don't really make me feel small when you passing by with those new Nike sneaker because I... http:// fb.me/8WCXyrCYa,NT
9.10543E+17,I feel like he signs with adidas idk why.. Nike would be lit tho,NT
9.10537E+17,"Since I'm a woman, I feel like I can mix Nike and Adidas or whatever brand I want... or maybe I just feel that way because im bad",NT
9.10531E+17,Sometimes I feel like my tongue is faster than my brain.,NT
9.10529E+17,Not sure how I feel about it lmao but I fw Nike,NT
9.10514E+17,this is why I love his album my pain I have I feel transitioned into these.lyrics cuz.i can relate to all of... http:// fb.me/1rmR3wRxy,NT
9.10512E+17,True I actually tried on the 4% and they feel better than boost but I never tried the $200 shoes and the Nike lab looks better lol,P
9.10511E+17,All I've been wearing recently is Nike shorts with tshirts or the long crop tops and I feel like @Nicnool,NT
9.10508E+17,"Good morning and happy hump day!! As Nike says ""Just do it!"" Did I feel like walking today? Nope But I did... http:// fb.me/1fXS5RszH",P
9.10483E+17,Sep 26: BVB set to feel the fury! Sep 29: Nike Mercurial Vapor Superfly Chapter 5 boots go on sale! http:// bit.ly/2xvZ5Q7 #UCL #CR7,NT
9.10462E+17,"When you don't feel like doing ""IT"" Nike always has the best advice @jockowillink pic.twitter.com/NOLZJiF7Lf",P
9.10449E+17,"Yeah I feel you , no urgent care doe or a small http:// dr.office ?",NT
9.10448E+17,What a creative Big Billion Offers to feel wow 50% off on Nike #SaleOnMyntra,P
9.10419E+17,I know how you feel cos no one is listening to me either,NT
9.1041E+17,"I just finished my 6th week, and I feel stronger than ever! :) Nike Training Club is Awesome https://www. runwithnoregrets.com/2015/02/nike-t raining-club-app/ via @Janelle_RWNR",P
9.10397E+17,"It's a feel -good Big Billion Offers, wow 50% off on Nike #SaleOnMyntra",P
9.10354E+17,I honestly love walking around in my nike slides because my girl got them for me and I feel like there's a part of her with me yes headass,P
9.10353E+17,I feel cuter when I wear a big shirt and Nike shorts rather than an expensive nice dress. Whoops.,P
9.10345E+17,I was at Lenox and those Nike windbreakers were calling my name . Discount make me feel like I'm stealing,P
9.10328E+17,adidas yeezy. <<< NIKE YEEZY. What happens when boost dies? cuz after they get to worn out they feel to low to ground.,P
9.10324E+17,"I feel a bit sad for Genie. Ex top5, possible top100 exit, got (understandably) snubbed by Nike at USO. No one deserves to go through this.",N
9.10285E+17,"""I'm worth it."" I like the athletic socks with the arch support, mostly Puma and Nike . They feel nice on my piggies.",P
9.10284E+17,U don't have to feel bad about it gurl be like nike and just do it,P
9.10278E+17,Whaaat. I heard nmd's are better. And that the nike feel weird bc you can feel each different piece of the sole every step. But idk,NT
9.10268E+17,"Poppoplewis the Cave on YouTube, See how I feel Nike /Jordan could Ruin this Release For Us pic.twitter.com/rQi5I0IND0",NT
9.10266E+17,I see how you feel Quinton,NT
9.10261E+17,"Do you know how it feel to feel alone? Bought myself a house, still feel like I ain't home Driving by myself,... http:// fb.me/6sroRrE78",NT
9.10251E+17,I feel like they do this every Sunday Night. So in synced tho.,NT
9.10246E+17,The Nike are comfortable as duck but I feel like adidas look cooler I'm TORN,NT
9.1024E+17,There's not many things in this world that quite make me feel like when I slide a new pair of white Nike crew socks on,P
9.10239E+17,"Nike 's def leading pack in 1:1 race. On other days, you wear best-selling Nikes? Something abt 1:1 + coveted kicks makes me feel complete.",P
9.10234E+17,I feel like doing Nike Training Club and reading Numberology once that is completed.,NT
9.10204E+17,10/10 would recommend the Nike wind breaker I feel glam asf but I actually look like shit so,P
9.102E+17,Every time I take off a Nike sneaker I feel like I'm taking off a heel. Them soles add an inch or two I swear,NT
9.102E+17,Even if you feel you can't Nike you have to at this point,NT
9.10199E+17,How I feel when I set a SMART goal and complete it. #lol #tbt #itslit #TacoTuesday #emancipatorylit #3 #mcm #nike #manuelito # pic.twitter.com/8yJAkOIAQU,NT
9.10185E+17,I feel like Nike giving up on these new designs..,N
9.10179E+17,I love college cuz I can wear an Adidas jacket and Nike shorts and not feel judged,NT
9.10174E+17,They use Nike Flyknit technology but have the Converse feel to them ;),NT
9.10164E+17,"Amazon, target, nike ..They all want me to believe their products will make me feel like a complete man.",NT
9.10161E+17," http://www. sport.mk : NIKE SB CHECK SOLAR: :3,190.00. :3,990.00. SOFT FEEL , https://www. sport.mk/mazhi/nike-nik e-sb-check-solar-843895-005?utm_source=dlvr.it&utm_medium=twitter pic.twitter.com/2HoIxPsyAL",NT
9.10155E+17,"I always feel like I'm in a Nike commercial when I'm running in the rain, but this is what I really look like pic.twitter.com/cW1iJ3U0cs",NT
9.10139E+17,"""Cole Haan is like high fashion Nike , so you feel like you're wearing Nike shoes, but..."" MAYWARD REALKiligSaLIT #PushAwardsMayWards",P
9.10135E+17,"bitches thought it was so funny to fw somebody nigga now they nigga fw somebody else , NAH NAH BOO BOO how it feel bitch ?",NT
9.10116E+17,Nike pro cools on rainy days i got no time to feel muggy,NT
9.10107E+17,I feel like there's no reason for Nike to have left and right socks,NT
9.10086E+17,"""If you like her, if she makes you happy, and if you feel nike ;you know hevtjen don't let her go.""",NT
9.10084E+17,"there's a kid in my class wish a shirt that says ""Satan- just believe it"" wish a nike swoosh and I feel like im back at chug rn",NT
9.10076E+17, #nike #airmax # : Ikebukurohttps://www.instagram.com/p/BZN8sN_Fqvu/,NT
9.10042E+17,Feel the Air! #artyoucaneat #nike #nikeairmax #nikeairmax90 #nikecake #nikeaircake https://www. instagram.com/p/BZNtJYVBy8b/,P
9.10031E+17,Nike ... AdidasGangGang coming to collect... ya feel me? https:// twitter.com/npdmattpowell/ status/909841685852561408 ,NT
9.10019E+17,I love that the ultra-flexible outsole of the Nike Free RN Distance 2 lets your foot move naturally. Love the fit. Love the feel . pic.twitter.com/YdFDrpmmqz,P
9.10016E+17,I'm usually good at putting away my kicks. Dozed off and my dog chewed up my @Nike air max '97 silver bullets. I feel like crying.,NT
9.10009E+17,I feel cute as heck today . 00 mi with Nike +.,P
9.10007E+17,"I feel like UA hasn't built the rep. if people like a UA product they'll buy it again, but looking for something new still go Adidas or Nike",NT
9.10004E+17,Tbh the only 2 good things I got out of working at Nike were seeing celebrites/athletes & coworkers that feel like family.,NT
9.10004E+17,"I just drink the NyQuil until I feel like it's enough , I don't do that measuring shit",NT
9.09993E+17,@Nike needs more creatives of today to work with. I feel like they still have the mental of the mid 2000s in today's sneaker world,N
9.09976E+17,"most Nike Zoom sneakers have a better ""comfort"" feel than boost. Sock Dart, Flyknit Mercurial Superfly, Presto = designs adidas has copied",P
9.09975E+17,Nike did a good job on these jerseys and I know that because I feel disgusted wearing the old jerseys in 2K,P
9.09969E+17,I honestly feel like he might just have nike in his hands,NT
9.09964E+17,I agree bro I feel like Nike feeds off its logo with some releases,NT
9.09961E+17,I'm really wearing Nike socks with addidas shoes right now.. I feel like such a fucken scrub,NT
9.09956E+17,I feel you but all im saying is wear Adidas with adidas and nike w/ nike,NT
9.09947E+17,I kinda feel like my college self. Like I got the urge to go out right now,NT
9.09944E+17,I feel like Nike is going to waste his talents. Adidas is much more cutting edge nowadays in my opinion,N
9.09939E+17,I feel its going to be tough for nike to come back. Nike shoes look nice but r not focused on comfort. Climacool is better than climalite.,N
9.09936E+17,What do you feel Nike /JB will do moving forward to try and gain some traction? Also how worried should UA with their sales at this point?,NT
9.0993E+17,Nike apple Disney Amazon Coca-Cola I feel like certian heads are never gonna be cut off,NT
9.09927E+17,The new Nike 's look cheap and feel cheap. Refuse to buy them. https:// twitter.com/npdmattpowell/ status/909841195228045314 ,N
9.09915E+17,In the 90s as a kid trying on anything Nike air..they would ask do you feel the air ? Nowadays it's so do you feel the boost? @adidasrunning,NT
9.09913E+17,Wow what a great fit.. just wanted to try the Nike air yeezys NRG 2 on to see how good they feel https://www. instagram.com/p/BZMyWOBhpdy/,P
9.09912E+17,I really just don't feel like this means anything as Nike continues to crush.,P
9.09903E+17,I really want a white pair of Nike but I feel like their going to get destroyed,NT
9.09903E+17,His eyebrows look like upside down Nike I feel bad for saying shit to poor ryland,NT
9.09898E+17,"Very true, but curious to see how they feel on feet/while running, if not Nike .ca return policy is nice lol",P
9.09895E+17,The Nike Kyrie 3 is built for a fast playing style. This offers premium traction & great court feel . Available at http:// bit.ly/2wCku6f . pic.twitter.com/9V1ERpEdmm,P
9.09894E+17,i just feel like Nike is playing themselves by releasing so many variations of a shoe. JB is drowing itself,N
9.09883E+17,Sometimes you gotta treat yourself cause who else will? Feel me.,NT
9.09881E+17,Really miss you @RINMOLA I feel like I have been robbed unfairly,NT
9.0988E+17,Bc they are actually making shoes that feel comfortable n the quality is nice no glue marks all over the damn shoe @nike https:// twitter.com/br_kicks/statu s/909877341756764160 ,P
9.09878E+17,Last time I take a friends advise and wear nike pro shorts. Every step you take you feel like you're hoein'. Nope.,N
9.09876E+17,"My most recent Nike purchases (Roshes) feel like the soles have been wearing out rather quickly, so I'm probably going Adidas next.",N
9.09871E+17,Rare R&B Soul 45 Tony Lawrence Until You've Loved That's How I Feel Nike 720-721 http:// ift.tt/2jDUVAD,P
9.09868E+17,interesting battle - feel like nike playing long game w HyperAdapt + clothing ( http://www. espn.com/nba/story/_/id /20745818/nike-statement-uniforms-nba-fans-talking-season ) + 3dp etc...no idea whether bet pays,NT
9.09865E+17,Four years w Nike was on the 15th and I just feel unbelievably blessed w the people I've met and opportunities I've had because of it.,P
9.09852E+17,"i feel like this is still sort of a win for Nike , since Adidas hired a bunch of former Nike designers/employees",P
9.09843E+17,"Bought my first Nike piece of training clothing and feel like I've cheated on Under Armour, cuz I am a walking marketing tool for UA",N
9.09834E+17,"Spending all day in JFK airport. Feel like @tomhanks ""Where can I buy, the Nike shoes"" at John F. Kennedy International Airport (JFK)",NT
9.09833E+17,rockin a Nike tee w/ dressy flats I didnt feel like lookin for my sneakers lol,NT
9.09832E+17,Ain't nothing like the feel of a @Nike Hoodie,P
9.0983E+17,Nike tech sweats make me feel like a champion,P
9.09826E+17,"Feel we will be the only ones gunning for these , I like the ones too",P
9.09811E+17,Sad that I can never wear my gazelles whenever I feel like it bc I'm always at Nike,NT
9.09801E+17,I don't know why but this image made me feel some kind of way then it came to me #Nike #sports https://www. instagram.com/p/BZL_mV8HDjF/,NT
9.098E+17,I feel bad for all my poor nike socks I never wear anymore,NT
9.09764E+17,"I'm dead ass wearing Nike adidas and underarmour all at once, if I wasn't so tired I would feel some type way about it",NT
9.09706E+17,"You know that great Nike quote JUST DO IT well THAT! you know you will feel great, book your class or Free Trial text: 07557340447 pic.twitter.com/oChqoSXIfR",P
9.09702E+17,JITCH I FEEL IKE CRYING!!!!!;;,NT
9.09674E+17,Featherweight feel meets futuristic feel . The @nike Air Presto Fly Se in White/Armory Blue - http:// bit.ly/2xEw6dQ pic.twitter.com/c4VeqNJ23G,P
9.09669E+17,Why do I feel like this is just BS *rolls eyes* https:// twitter.com/HeaIthyVideo/s tatus/909082476898684928 ,NT
9.09611E+17,@adidas I got a pair or these and I swear I'll never go back to a Nike shoe I love these things so much and they don't hurt my feel at all!,N
9.09608E+17,i feel you on this one nike bruce https:// twitter.com/bruschi_71/sta tus/909606976857964544 ,NT
9.09605E+17,"people always say they'll be there for you, but when you need them they abandon you & make you feel like fucking shit.",NT
9.09598E+17,"i feel you, probably got memories wearing that hat...now u gotta make more memories with a new Nike hat",P
9.09587E+17,This is how I feel when I got on all Nike at the gym https:// twitter.com/mrlovesong_/st atus/909108789047185409 ,NT
9.09584E+17,So Rocky took the UA deal and Nike went with Travis Scott ? Congrats to both of em but I still feel like that's strange,NT
9.09556E+17,I started Cooper over Crabtree in fantasy today and this man had 26 points.... I feel played,NT
9.09551E+17,Donno why i feel Marvel would be team Adidas and Dc World as Team Nike,NT
9.09533E+17,"exactly...and i feel like the Rockhold rematch makes sense because, they are both trying to bounce back right now....",NT
9.09509E+17,- I feel so weird when I'm not wearing glasses - #selfie #nike #aimax97 #levis #nikeoffwhite #raulal http:// ift.tt/2jBzujJ pic.twitter.com/s6HA139rF6,NT
9.0947E+17,"I'm going shoe shopping today. My nike free rns just feel horrible on my feet, so I'm going to look at stuff with more support and such",N
9.09465E+17,Ya I already kno that part is guna freak me out. I even feel like u just put Luke on the TL like he was just born now he standing lmao,NT
9.09464E+17,Still I feel like most 3 month olds can't even do that yet they legs jello,NT
9.09463E+17,Thanks family feel like we just got to Sfa for the last orientation session again https:// twitter.com/dj_jdirty/stat us/909460611297357827 ,NT
9.09458E+17,Bro I loved working at Starbucks cause it wasn't a job to me cause I loved working wit the people. Nike feel like a whole job to me bro,N
9.09441E+17,@Nike _Check_Mj Happy Gday my guy! Feel like sfa been celebrating this hoe all week,P
9.0943E+17,Ala lagu Nike Ardila xblh buat mcm ni. Hlg feel dia. This song is already great the way it is. #AFmegastar,NT
9.09406E+17,Aye is it too pushy if I get her a pink nike headband cause I feel like she gone hoop,NT
9.09376E+17,Who wants to be with some one who won't tell them how they feel because macho rubbish?,NT
9.09369E+17,I'll have two pairs thanks. Navy and red. Great old school #Nike waffle feel . #sneakers #Kenzo https:// twitter.com/kenzo/status/9 09069059047780352 ,P
9.09358E+17,Todays run felt good. Is running supposed to feel good? Nike knows how to fix me,P
9.09338E+17,I feel like 9 rn,NT
9.09315E+17,"Deffo! Umbro actually put thought into the design of the kit. Nike just have the same kits for every club, it doesn't feel special.",N
9.09306E+17,"I feel like shit everytime I look ay my Nike plus. like, if I have better discipline of myself I could do more..",N
9.09293E+17,"I feel like a fucking idiot, I've always thought my favourite shoes were Nike AF 1 mids, but APPARENTLY it's actually Nike SB mids",NT
9.09293E+17,OMG NIKE your words make me feel warm-- /I mean waht.,P
9.09257E+17,When u get cute workout outfits and all of a sudden u feel more motivated #Lulu #Nike,P
9.09253E+17,I feel it but track stars don't get tired,NT
9.09227E+17,Wanna see more madness? Feel free to add my Snapchat... @G_Loa #SnapChat @Nike Factory Store https://www. instagram.com/p/BZH6mIZnvSn/,NT
9.09225E+17,"fuzzy toe heels thigh high jean boots Nike Joggers adidas joggers thrasher shorts ""I feel like Pablo"" hat nude Prestos",P
9.09218E+17,Was @that Gtown Prep vs Zaga game today. I like the feel of city games more. Too many kids in Nike socks & Sperrys. Not enough Gucci belts.,NT
9.09213E+17,i feel like my life is falling apart and i aint got one person that's here for me,NT
9.09212E+17,Sports don't feel right until they start a beef! Nike is the de facto shoe company. Under Armour is the up and coming challenger. Shut up!,NT
9.09193E+17,Youngboy a rich hood ass young nigga white forces Nike gear street nigga shit I feel Lil dude,NT
9.09176E+17,"RT: In these perilous and trying times, God's protection makes us feel safe. #MCGIGloryToGod https:// twitter.com/mcgidotorg/sta tus/909166503991304192 ",NT
9.0917E+17,I don't feel these!,NT
9.09167E+17,"Like, even now why? Why are we even having this conversation? Do you feel better now? Lol. I'm just minding my business.",NT
9.09165E+17,I feel like this tweet somehow relates to Nike and the NBA?,NT
9.09161E+17,Squid always makes me feel better I love her smsmsm,NT
9.09159E+17,I'm not sure how I feel about the new nike NBA jerseys allowing them to wear colored leggings. Just feels a little too college like for me,NT
9.09153E+17,Some of these new Nike NBA jerseys look like summer league jerseys. Were they going for a minimalist feel ?,N
9.09135E+17,"I just feel like they are trying to hard with these. We are the NBA, we aren't some no name college team trying to get publicity.",NT
9.09132E+17,Idk how I feel ab that Nike shirt with the UA belt,NT
9.09108E+17,"A feel like there should be a law that if you buy or think about buying any nike air for babies or little kids, they should be taken off you",N
9.09106E+17,Definitely a dope model. I feel like the lows will be the best low since the 8,N
9.09106E+17,"The bridge was a symbol of all of the Bay Area. I feel disrespected that are emblem was changed to a tree. Plus we moving back to ""the city""",NT
9.09095E+17,That's how you make them feel accepted,NT
9.09077E+17,Idk how to feel about them new Nike uniforms,NT
9.09073E+17,I had Nike Vapor Pro irons and used Project 7.0. These feel much better though,P
9.09043E+17,I dont know what to feel about the new nike nba jerseys,NT
9.09043E+17,"Pictures don't do these justice, I feel like these are 100x better in person?",NT
9.0904E+17,I feel like its a Nike fit type of day,P
9.09035E+17,Damn adidas really gonna feel that NBA switching to Nike deal.,NT
9.08998E+17,"My Nike Dunk Lows feel big but they ain't, confused",NT
9.08996E+17,Getting a compliment on your new Nike 's on their first lil outing honestly makes me feel like a proud mother,P
9.08969E+17,How I really feel about the Nike NBA Connected Jerseys. pic.twitter.com/lnvuG8kNtR,NT
9.08935E+17,I don't know how I feel about Nike taking over the NBA uniforms now,NT
9.08932E+17,man are the nike nba jerseys nice... they feel 10/10. i cant wait til they're out,P
9.08927E+17,idk why wearing a nike hat and taking pictures requiring a flash makes me feel so cool,P
9.08913E+17,@JeffJonesSports how do you feel about the Signature jersey's Nike previewed tonight??,NT
9.08907E+17,I think the winner of the new uniforms by Nike have to be the @okcthunder as much as I love the #Wolves have too much @Seahawks feel .,NT
9.08904E+17,Bro actually the supreme x Nike collab looks dope I would cop but I don't know how I feel about the solid colors and white,N
9.089E+17,Adidas made sleeved uniforms and Nike makes jersey that connect to your phone... feel like I know who just won the NBA https:// twitter.com/nike/status/90 8880666682564608 ,NT
9.08896E+17,SHOUTOUT NIKE FOR MAKING ME FEEL LIKE A LITTLE BOY WITH HIS FORST BONER,NT
9.08895E+17,Haha I feel you. Just imagine how good the Nike Supersonics jerseys would look. Ahhahahh.,P
9.08893E+17,I feel like Springer got his glove at Wal Mart because it's a Nike glove lol,P
9.08892E+17,I feel the same way,NT
9.08884E+17,"I liked the AJ 31s, though. I feel like Nike killed those. The next three AJs should be fire bc they're based on the 3, 4, and 5.",NT
9.08883E+17,They should of said San Francisco..I feel sorry for Oakland right when y'all were having success with NFL and NBA.. they take your teams,NT
9.0888E+17,"I dont understand NBA uniforms anymore ore. Congratulations Nike , you made me feel like Im one million years-old.",NT
9.08878E+17,"Naw, I feel the first dude's comment. This shit def still sux. The move is inevitable, but I doubt I'll ever be thrilled abt it. Mostly hurt",NT
9.08876E+17,Why does it feel like the Nike sign has always been there https:// twitter.com/lakers/status/ 908875624646717441 ,NT
9.08876E+17,"Definitely. You know how white people feel about history, probably told Nike to keep it simple",NT
9.08876E+17,I feel so much cuter in my nike shirt and bare faced. Anyway I'm out,P
9.08875E+17,"Disappointed Nike seemed uninvolved with the Spurs ""statement jersey"". I really feel they could've touched it up... https:// twitter.com/spurs/status/9 08867363952484354 ",N
9.08872E+17,I feel like 90% of all the Nike jerseys are overly bland.,N
9.0887E+17,"Sometimes u gotta think to ya self , ""if I look good I feel good"" only Nike can give you da feeling",P
9.08867E+17,i'm saying but i feel like we gotta ask if you mines ain't no asking we just gone do it like nike,NT
